,Id,Property Type,N Components,Solvent,Solute,Temperature (K),Pressure (kPa),Reference Value,Reference Std,Estimated Value,Estimated Std,Category,Category 2
1,1,SolvationFreeEnergy,2,Cc1ccccn1,CCCCCCCC,298.0,101.325,-19.79032,0.8368000000000001,-18.624509880476083,0.29834291890533093,,
2,2,SolvationFreeEnergy,2,Cc1ccccn1,Cc1ccccc1,298.0,101.325,-21.17104,0.8368000000000001,-20.843894162504785,0.26179765556098755,,
3,3,SolvationFreeEnergy,2,Cc1ccccn1,CCO,298.0,101.325,-20.96184,0.8368000000000001,-18.967081432171963,0.30313741222646295,,
4,4,SolvationFreeEnergy,2,Cc1ccccn1,C1COCCO1,298.0,101.325,-20.96184,0.8368000000000001,-25.499614923146467,0.28389934363374475,,
5,5,SolvationFreeEnergy,2,Cc1ccccn1,CCC(C)=O,298.0,101.325,-18.91168,0.8368000000000001,-19.329074762835916,0.2757951203569759,,
6,6,SolvationFreeEnergy,2,CC(=O)c1ccccc1,CCCCCCCC,298.0,101.325,-17.740160000000003,0.8368000000000001,-17.19190100674423,0.43503402206367714,,
7,7,SolvationFreeEnergy,2,CC(=O)c1ccccc1,Cc1ccccc1,298.0,101.325,-20.501600000000003,0.8368000000000001,-19.59705650877262,0.41096326743941025,,
8,8,SolvationFreeEnergy,2,CC(=O)c1ccccc1,CCO,298.0,101.325,-17.23808,0.8368000000000001,-16.239217779665545,0.34182352574240865,,
9,9,SolvationFreeEnergy,2,CC(=O)c1ccccc1,C1COCCO1,298.0,101.325,-21.045520000000003,0.8368000000000001,-24.965898199339243,0.37998157027222446,,
10,10,SolvationFreeEnergy,2,CC(=O)c1ccccc1,CCC(C)=O,298.0,101.325,-18.36776,0.8368000000000001,-18.82934532486683,0.2985478139733142,,
11,11,SolvationFreeEnergy,2,COc1ccccc1,CCCCCCCC,298.0,101.325,-19.33008,0.8368000000000001,-18.301098387201186,0.3434761485630981,,
12,12,SolvationFreeEnergy,2,COc1ccccc1,Cc1ccccc1,298.0,101.325,-20.710800000000003,0.8368000000000001,-20.411027038780368,0.2744830158054611,,
13,13,SolvationFreeEnergy,2,COc1ccccc1,CCO,298.0,101.325,-15.02056,0.8368000000000001,-13.378077224156117,0.2701081691785824,,
14,14,SolvationFreeEnergy,2,COc1ccccc1,C1COCCO1,298.0,101.325,-21.17104,0.8368000000000001,-25.420676599353385,0.2518268434467691,,
15,15,SolvationFreeEnergy,2,COc1ccccc1,CCC(C)=O,298.0,101.325,-18.53512,0.8368000000000001,-19.299902246345233,0.2738869738275541,,
16,16,SolvationFreeEnergy,2,COc1ccccc1,CCCCN,298.0,101.325,-18.576960000000003,0.8368000000000001,-16.261319214863924,0.23965181979353384,,
17,17,SolvationFreeEnergy,2,c1ccccc1,CCCCCCCC,298.0,101.325,-22.3844,0.8368000000000001,-21.747133393532746,0.24178974896036973,,
18,18,SolvationFreeEnergy,2,c1ccccc1,C1CCCCC1,298.0,101.325,-16.9452,0.8368000000000001,-17.618734476827683,0.25375449204915046,,
19,19,SolvationFreeEnergy,2,c1ccccc1,CC(C)O,298.0,101.325,-14.56032,0.8368000000000001,-15.695564153444423,0.23407497581667894,,
20,20,SolvationFreeEnergy,2,c1ccccc1,CC(C)(C)O,298.0,101.325,-15.480800000000002,0.8368000000000001,-18.09914030870312,0.25394133492598436,,
21,21,SolvationFreeEnergy,2,c1ccccc1,C1COCCO1,298.0,101.325,-21.79864,0.8368000000000001,-25.60765418067952,0.23700378887253326,,
22,22,SolvationFreeEnergy,2,c1ccccc1,CC(C)=O,298.0,101.325,-15.85736,0.8368000000000001,-16.148730478542724,0.23476499717144816,,
23,23,SolvationFreeEnergy,2,c1ccccc1,CCC(C)=O,298.0,101.325,-18.66064,0.8368000000000001,-18.360699045137554,0.24183314367473993,,
24,24,SolvationFreeEnergy,2,c1ccccc1,COC(C)=O,298.0,101.325,-16.90336,0.8368000000000001,-20.574499440947793,0.26462097751577907,,
25,25,SolvationFreeEnergy,2,c1ccccc1,CNC,298.0,101.325,-12.59384,0.8368000000000001,-10.439463313276654,0.2278557341230086,,
26,26,SolvationFreeEnergy,2,c1ccccc1,CN(C)C,298.0,101.325,-11.7152,0.8368000000000001,-12.226961061864912,0.24502082223309002,,
27,27,SolvationFreeEnergy,2,c1ccccc1,c1ccncc1,298.0,101.325,-22.091520000000003,0.8368000000000001,-23.176789339560244,0.23241253188652858,,
28,28,SolvationFreeEnergy,2,c1ccccc1,Cc1cccc(C)n1,298.0,101.325,-26.73576,0.8368000000000001,-28.70194982225794,0.2708564856296166,,
29,29,SolvationFreeEnergy,2,c1ccccc1,O=Cc1cccc(O)c1,298.0,101.325,-38.86936,0.8368000000000001,-41.96686478518432,0.28037152877429367,,
30,30,SolvationFreeEnergy,2,c1ccccc1,O=Cc1ccc(O)cc1,298.0,101.325,-40.71032,0.8368000000000001,-43.99233480228852,0.30769073867736413,,
31,31,SolvationFreeEnergy,2,c1ccccc1,Oc1ccc(Br)cc1,298.0,101.325,-36.86104,0.8368000000000001,-36.251350783929624,0.2621245711346222,,
32,32,SolvationFreeEnergy,2,c1ccccc1,CCOP(=O)(OCC)OCC,298.0,101.325,-35.898720000000004,0.8368000000000001,-46.043412824077244,0.35798264281946623,Aromaticatic (x=1.0) + Phosphoric Acid Ester (n=1),
33,33,SolvationFreeEnergy,2,c1ccccc1,C1CCNCC1,298.0,101.325,-21.045520000000003,0.8368000000000001,-23.55594319658389,0.27748725853188244,,
34,34,SolvationFreeEnergy,2,c1ccccc1,CN,298.0,101.325,-11.12944,0.8368000000000001,-7.216054536576947,0.23768584218366057,,
35,35,SolvationFreeEnergy,2,c1ccccc1,COC(=O)c1ccccc1,298.0,101.325,-26.23368,0.8368000000000001,-37.319593976035314,0.30656084757908403,,
36,36,SolvationFreeEnergy,2,c1ccccc1,COP(=O)(OC)OC=C(Cl)Cl,298.0,101.325,-38.03256,0.8368000000000001,-49.97037247967158,0.3238280061404145,,
37,37,SolvationFreeEnergy,2,c1ccccc1,Cc1cncc(C)c1,298.0,101.325,-31.96576,0.8368000000000001,-29.10050476125608,0.271461838171003,,
38,38,SolvationFreeEnergy,2,c1ccccc1,NC(=O)c1ccccc1,298.0,101.325,-41.54712,0.8368000000000001,-42.38671369307555,0.3588761621199295,,
39,39,SolvationFreeEnergy,2,c1ccccc1,Cc1ccccc1N,298.0,101.325,-30.836080000000003,0.8368000000000001,-31.633913870282502,0.2756397348289349,,
40,40,SolvationFreeEnergy,2,CCBr,CCCCCCCC,298.0,101.325,-23.179360000000003,0.8368000000000001,-22.3879736003112,0.2516023049632676,,
41,41,SolvationFreeEnergy,2,CCBr,Cc1ccccc1,298.0,101.325,-23.2212,0.8368000000000001,-20.924671109606766,0.20918571239198433,,
42,42,SolvationFreeEnergy,2,CCBr,C1COCCO1,298.0,101.325,-22.55176,0.8368000000000001,-22.704207839342335,0.23579790040032458,,
43,43,SolvationFreeEnergy,2,CCBr,CCC(C)=O,298.0,101.325,-21.46392,0.8368000000000001,-19.448067476748196,0.19597878996715445,,
44,44,SolvationFreeEnergy,2,CCCCCCCCBr,COC(C)=O,298.0,101.325,-14.0164,0.8368000000000001,-16.668756199400114,0.36457396215018045,,
45,45,SolvationFreeEnergy,2,CCCCCCCCBr,CCCCCOC(C)=O,298.0,101.325,-24.30904,0.8368000000000001,-27.213103047337498,0.8021323690796826,,
46,46,SolvationFreeEnergy,2,CCCCO,CCCCCCCC,298.0,101.325,-18.6188,0.8368000000000001,-19.15831828700914,0.6196269164354071,,
47,47,SolvationFreeEnergy,2,CCCCO,c1ccccc1,298.0,101.325,-14.18376,0.8368000000000001,-15.123764284853019,0.3389633256689198,,
48,48,SolvationFreeEnergy,2,CCCCO,CO,298.0,101.325,-19.79032,0.8368000000000001,-14.498760674809732,0.4147118709401332,,
49,49,SolvationFreeEnergy,2,CCCCO,CCO,298.0,101.325,-21.00368,0.8368000000000001,-17.416449047768744,0.4264246529026793,,
50,50,SolvationFreeEnergy,2,CCCCO,C=O,298.0,101.325,-14.60216,0.8368000000000001,,,,
51,51,SolvationFreeEnergy,2,CCCCO,CCC(C)=O,298.0,101.325,-17.23808,0.8368000000000001,-19.918855269383727,0.6303067241641336,,
52,52,SolvationFreeEnergy,2,CCCCO,CCN,298.0,101.325,-18.828,0.8368000000000001,-13.681695286342519,0.3602076216127339,,
53,53,SolvationFreeEnergy,2,CCCCO,CCCN,298.0,101.325,-21.08736,0.8368000000000001,-16.548172881941106,0.4021551242183239,,
54,54,SolvationFreeEnergy,2,CCCCO,CCNCC,298.0,101.325,-21.547600000000003,0.8368000000000001,-19.780230712513273,0.571370782940252,,
55,55,SolvationFreeEnergy,2,CCCCO,O=c1cc[nH]c(=O)[nH]1,298.0,101.325,-67.15320000000001,0.8368000000000001,,,,
56,56,SolvationFreeEnergy,2,CCCCc1ccccc1,Oc1ccccc1,298.0,101.325,-28.28384,0.8368000000000001,-26.797928191190948,0.32007063613338543,,
57,57,SolvationFreeEnergy,2,CCCCc1ccccc1,CC(=O)C(C)(C)C,298.0,101.325,-19.95768,0.8368000000000001,-21.458814044021448,0.3300889097870217,Aromaticatic (x=1.0) + Ketone (n=1),
58,58,SolvationFreeEnergy,2,CCCCc1ccccc1,CCCCCC(C)=O,298.0,101.325,-24.81112,0.8368000000000001,-25.52522056397307,0.3011350323396035,,
59,59,SolvationFreeEnergy,2,CCCCc1ccccc1,CCC(=O)OC,298.0,101.325,-17.530960000000004,0.8368000000000001,-20.617602629265203,0.3174196114765246,,
60,60,SolvationFreeEnergy,2,CCCCc1ccccc1,CCCCOC(C)=O,298.0,101.325,-22.091520000000003,0.8368000000000001,-26.413028335768104,0.33613225588723267,Aromaticatic (x=1.0) + Carboxylic Acid Ester (n=1),
61,61,SolvationFreeEnergy,2,CCCCCCCl,CC(C)=O,298.0,101.325,-14.4348,0.8368000000000001,-14.883446923668206,0.276580403471254,,
62,62,SolvationFreeEnergy,2,CCCCCCCl,CC(=O)C(C)(C)C,298.0,101.325,-20.836320000000004,0.8368000000000001,-22.242684050210542,0.4155807099127487,,
63,63,SolvationFreeEnergy,2,CCCCCCCl,CCC(=O)OC,298.0,101.325,-17.5728,0.8368000000000001,-20.69213346860865,0.2951271582429413,,
64,64,SolvationFreeEnergy,2,CCCCCCCl,CCCCOC(C)=O,298.0,101.325,-22.46808,0.8368000000000001,-26.03875375229008,0.3194023783882117,,
65,65,SolvationFreeEnergy,2,C1CCCCC1,CCC,298.0,101.325,-8.74456,0.8368000000000001,-5.845286111733304,0.2832700088723144,,
66,66,SolvationFreeEnergy,2,C1CCCCC1,CCCCCCCC,298.0,101.325,-23.55592,0.8368000000000001,-22.448695118190322,0.33066878050975534,,
67,67,SolvationFreeEnergy,2,C1CCCCC1,CC(C)O,298.0,101.325,-9.91608,0.8368000000000001,-10.682815185216525,0.21827655918791586,,
68,68,SolvationFreeEnergy,2,C1CCCCC1,CC(C)(C)O,298.0,101.325,-12.25912,0.8368000000000001,-13.065180230903367,0.2516875402181813,,
69,69,SolvationFreeEnergy,2,C1CCCCC1,C1COCCO1,298.0,101.325,-17.44728,0.8368000000000001,-20.084137317452303,0.2519387243688921,,
70,70,SolvationFreeEnergy,2,C1CCCCC1,COc1ccccc1,298.0,101.325,-22.50992,0.8368000000000001,-24.11345762819577,0.27126732852138047,,
71,71,SolvationFreeEnergy,2,C1CCCCC1,CCC(=O)CC,298.0,101.325,-17.9912,0.8368000000000001,-16.505551656172855,0.27241634697987493,,
72,72,SolvationFreeEnergy,2,C1CCCCC1,CC(=O)C(C)(C)C,298.0,101.325,-18.49328,0.8368000000000001,-19.035546099288275,0.29899807512843274,,
73,73,SolvationFreeEnergy,2,C1CCCCC1,COC(C)=O,298.0,101.325,-12.80304,0.8368000000000001,-14.949929172474178,0.21869718314675235,,
74,74,SolvationFreeEnergy,2,C1CCCCC1,CCN,298.0,101.325,-8.53536,0.8368000000000001,-7.885387464045317,0.2443224765800165,,
75,75,SolvationFreeEnergy,2,C1CCCCC1,CN(C)C,298.0,101.325,-11.00392,0.8368000000000001,-10.514601785612788,0.27358721660172663,,
76,76,SolvationFreeEnergy,2,C1CCCCC1,CCNCC,298.0,101.325,-15.10424,0.8368000000000001,-14.52515779227091,0.27255980908315025,,
77,77,SolvationFreeEnergy,2,C1CCCCC1,c1ccncc1,298.0,101.325,-17.9912,0.8368000000000001,-18.457077789286544,0.2602984880282202,,
78,78,SolvationFreeEnergy,2,C1CCCCC1,CNc1ccccc1,298.0,101.325,-26.484720000000003,0.8368000000000001,-25.243615005920365,0.26339682810735654,,
79,79,SolvationFreeEnergy,2,C1CCCCC1,CCCS,298.0,101.325,-13.05408,0.8368000000000001,-11.472447887699522,0.29016123417519746,,
80,80,SolvationFreeEnergy,2,C1CCCCC1,CSc1ccccc1,298.0,101.325,-23.68144,0.8368000000000001,-24.367001594125274,0.3258127376112166,Alkane (x=1.0) + Aromaticatic (n=1),Alkane (x=1.0) + Thioether (n=1)
81,81,SolvationFreeEnergy,2,C1CCCCC1,O=Cc1cccc(O)c1,298.0,101.325,-28.78592,0.8368000000000001,-28.114563367232016,0.2817478222295153,,
82,82,SolvationFreeEnergy,2,C1CCCCC1,O=Cc1ccc(O)cc1,298.0,101.325,-30.082960000000003,0.8368000000000001,-28.73753078964856,0.2525826094954553,,
83,83,SolvationFreeEnergy,2,C1CCCCC1,Clc1ccccc1,298.0,101.325,-21.3384,0.8368000000000001,-20.67335038713565,0.27020435481237637,,
84,84,SolvationFreeEnergy,2,C1CCCCC1,Clc1ccc(Cl)cc1,298.0,101.325,-24.64376,0.8368000000000001,-25.99037213079408,0.325959714600104,,
85,85,SolvationFreeEnergy,2,C1CCCCC1,Brc1ccccc1,298.0,101.325,-22.13336,0.8368000000000001,-22.25239487671863,0.24577987445866173,,
86,86,SolvationFreeEnergy,2,C1CCCCC1,Oc1ccc(Br)cc1,298.0,101.325,-29.87376,0.8368000000000001,-27.17482134604982,0.2622248670224291,,
87,87,SolvationFreeEnergy,2,C1CCCCC1,COP(=O)(OC)OC,298.0,101.325,-23.72328,0.8368000000000001,-27.748514690072042,0.37560727068693417,,
88,88,SolvationFreeEnergy,2,C1CCCCC1,CCOP(=O)(OCC)OCC,298.0,101.325,-31.7984,0.8368000000000001,-34.485045730027835,0.40642583940067323,,
89,89,SolvationFreeEnergy,2,C1CCCCC1,COC(=O)c1ccccc1,298.0,101.325,-29.32984,0.8368000000000001,-31.701179391319354,0.31076228659077687,,
90,90,SolvationFreeEnergy,2,C1CCCCC1,C1CCOCC1,298.0,101.325,-18.45144,0.8368000000000001,-19.780170411034696,0.2512161099506808,,
91,91,SolvationFreeEnergy,2,C1CCCCC1,N#Cc1cc(Br)c(O)c(Br)c1,298.0,101.325,-28.57672,0.8368000000000001,-42.909805772604564,0.2504579164936676,,
92,92,SolvationFreeEnergy,2,C1CCCCC1,CN(C)C=O,298.0,101.325,-15.98288,0.8368000000000001,-15.851381195399943,0.2790357507006661,,
93,93,SolvationFreeEnergy,2,C1CCCCC1,c1cc[nH]c1,298.0,101.325,-15.77368,0.8368000000000001,-15.578096194131557,0.3502632375796322,,
94,94,SolvationFreeEnergy,2,C1CCCCC1,NC(=O)c1ccccc1,298.0,101.325,-36.484480000000005,0.8368000000000001,-29.459839742331184,0.2924941951232513,,
95,95,SolvationFreeEnergy,2,C1CCCCC1,Cc1ccccc1N,298.0,101.325,-26.94496,0.8368000000000001,-24.461458369117913,0.25773836761466173,,
96,96,SolvationFreeEnergy,2,CC(Br)Br,CO,298.0,101.325,-9.95792,0.8368000000000001,-8.150962802181825,0.1965119392984698,,
97,97,SolvationFreeEnergy,2,CC(Br)Br,CCCCO,298.0,101.325,-19.455600000000004,0.8368000000000001,-18.566323323137304,0.26463581433158573,,
98,98,SolvationFreeEnergy,2,CC(Br)Br,Oc1ccccc1,298.0,101.325,-30.20848,0.8368000000000001,-27.277555031161274,0.24618217674693085,,
99,99,SolvationFreeEnergy,2,CC(Br)Br,Oc1ccc(Br)cc1,298.0,101.325,-37.69784,0.8368000000000001,-32.80201852163252,0.2773756527990878,,
100,100,SolvationFreeEnergy,2,CCCCOCCCC,CCCCCCCC,298.0,101.325,-21.92416,0.8368000000000001,-20.758204027771775,0.2948839946488965,,
101,101,SolvationFreeEnergy,2,CCCCOCCCC,CCO,298.0,101.325,-14.68584,0.8368000000000001,-12.406725331451904,0.21762429720561274,,
102,102,SolvationFreeEnergy,2,CCCCOCCCC,C1COCCO1,298.0,101.325,-18.28408,0.8368000000000001,-22.17865410295137,0.25473129283665613,Ether (x=1.0) + Ether (n=1),Ether (x=1.0) + Heterocycle (n=1)
103,103,SolvationFreeEnergy,2,CCCCOCCCC,CCC(C)=O,298.0,101.325,-15.81552,0.8368000000000001,-15.881554563836108,0.25405938952072055,,
104,104,SolvationFreeEnergy,2,CCCCOCCCC,CCNCC,298.0,101.325,-15.8992,0.8368000000000001,-14.0734041718511,0.2709439379303522,,
105,105,SolvationFreeEnergy,2,CCCCOCCCC,c1ccncc1,298.0,101.325,-19.455600000000004,0.8368000000000001,-20.369935034813796,0.2741315441760927,,
106,106,SolvationFreeEnergy,2,CCCCOCCCC,Cc1cnccn1,298.0,101.325,-21.42208,0.8368000000000001,-25.364056750359655,0.28381836009039135,,
107,107,SolvationFreeEnergy,2,CCCCOCCCC,Cc1ccccn1,298.0,101.325,-21.7568,0.8368000000000001,-22.9368942931021,0.26859412388559883,,
108,108,SolvationFreeEnergy,2,CCCCOCCCC,CCc1cnccn1,298.0,101.325,-24.560080000000003,0.8368000000000001,-28.16600981429839,0.3125114139027384,,
109,109,SolvationFreeEnergy,2,CC(Cl)Cl,CO,298.0,101.325,-10.58552,0.8368000000000001,-9.032794724629788,0.190433478465983,,
110,110,SolvationFreeEnergy,2,CC(Cl)Cl,CCCCO,298.0,101.325,-20.58528,0.8368000000000001,-19.213914420901617,0.24636917485919266,Alkyl Chloride (x=1.0) + Alcohol (n=1),
111,111,SolvationFreeEnergy,2,CC(Cl)Cl,Cc1ccccc1O,298.0,101.325,-32.34232,0.8368000000000001,-31.476003176092906,0.25011911016487953,,
112,112,SolvationFreeEnergy,2,CC(Cl)Cl,O=Cc1ccccc1,298.0,101.325,-30.25032,0.8368000000000001,-32.972499426257926,0.2551189385261643,,
113,113,SolvationFreeEnergy,2,CC(Cl)Cl,CC(=O)c1ccccc1,298.0,101.325,-32.76072,0.8368000000000001,-35.496483271515544,0.2306002370100684,,
114,114,SolvationFreeEnergy,2,CC(Cl)Cl,COC(C)=O,298.0,101.325,-19.0372,0.8368000000000001,-20.62675234564027,0.24596623013909022,,
115,115,SolvationFreeEnergy,2,CC(Cl)Cl,CCCCCC(=O)OC,298.0,101.325,-27.48888,0.8368000000000001,-33.32522882983169,0.27344878037752623,,
116,116,SolvationFreeEnergy,2,CC(Cl)Cl,CCN,298.0,101.325,-13.34696,0.8368000000000001,-10.668317354493917,0.235070396747692,Alkyl Chloride (x=1.0) + Primary Amine (n=1),
117,117,SolvationFreeEnergy,2,CC(Cl)Cl,CCCN,298.0,101.325,-16.90336,0.8368000000000001,-14.418264367736269,0.22297315524324912,,
118,118,SolvationFreeEnergy,2,CC(Cl)Cl,CCNCC,298.0,101.325,-16.736,0.8368000000000001,-17.210804557991427,0.21237995661657433,,
119,119,SolvationFreeEnergy,2,CC(Cl)Cl,c1ccncc1,298.0,101.325,-23.13752,0.8368000000000001,-23.514451271327328,0.198199018317836,,
120,120,SolvationFreeEnergy,2,CC(Cl)Cl,O=Cc1cccc(O)c1,298.0,101.325,-42.30024,0.8368000000000001,-40.27077949228914,0.2228251152851441,,
121,121,SolvationFreeEnergy,2,CC(Cl)Cl,Oc1ccc(Br)cc1,298.0,101.325,-38.0744,0.8368000000000001,-34.20356095320593,0.2242271363255442,,
122,122,SolvationFreeEnergy,2,CC(Cl)Cl,COP(=O)(OC)OC,298.0,101.325,-35.7732,0.8368000000000001,-41.209360867528126,0.27827538875651947,Alkyl Chloride (x=1.0) + Phosphoric Acid Ester (n=1),
123,123,SolvationFreeEnergy,2,CC(Cl)Cl,CCOP(=O)(OCC)OCC,298.0,101.325,-40.12456,0.8368000000000001,-48.581223246363635,0.3354755231466848,,
124,124,SolvationFreeEnergy,2,CC(Cl)Cl,NC(=O)c1ccccc1,298.0,101.325,-45.6056,0.8368000000000001,-43.50854537651467,0.2518088759597723,,
125,125,SolvationFreeEnergy,2,CCOCC,CCCCCCCC,298.0,101.325,-23.51408,0.8368000000000001,-22.096844866189542,0.22233492329224008,,
126,126,SolvationFreeEnergy,2,CCOCC,CC(C)O,298.0,101.325,-18.576960000000003,0.8368000000000001,-17.268649359388633,0.19061246740531876,,
127,127,SolvationFreeEnergy,2,CCOCC,CC(C)(C)O,298.0,101.325,-20.0832,0.8368000000000001,-19.221289078024988,0.2105996756325648,,
128,128,SolvationFreeEnergy,2,CCOCC,C1COCCO1,298.0,101.325,-19.53928,0.8368000000000001,-23.259580090144578,0.2215584715983536,,
129,129,SolvationFreeEnergy,2,CCOCC,COc1ccccc1,298.0,101.325,-23.89064,0.8368000000000001,-26.982148570459785,0.2363306777811195,,
130,130,SolvationFreeEnergy,2,CCOCC,CC=O,298.0,101.325,-11.9244,0.8368000000000001,-12.954126861619617,0.17293710490055025,,
131,131,SolvationFreeEnergy,2,CCOCC,CCC(C)=O,298.0,101.325,-17.11256,0.8368000000000001,-18.25475499615395,0.21090838557132416,,
132,132,SolvationFreeEnergy,2,CCOCC,CC(=O)c1ccccc1,298.0,101.325,-28.40936,0.8368000000000001,-33.04497658929712,0.23874175138097017,,
133,133,SolvationFreeEnergy,2,CCOCC,CNC,298.0,101.325,-11.00392,0.8368000000000001,-10.4165919621986,0.1940793412458758,,
134,134,SolvationFreeEnergy,2,CCOCC,CN(C)C,298.0,101.325,-11.63152,0.8368000000000001,-12.300777480144628,0.2031403020070143,,
135,135,SolvationFreeEnergy,2,CCOCC,c1ccncc1,298.0,101.325,-20.12504,0.8368000000000001,-21.446090592503154,0.18178781699128682,,
136,136,SolvationFreeEnergy,2,CCOCC,Nc1ccccc1,298.0,101.325,-27.23784,0.8368000000000001,-30.49617074839372,0.27033492250916896,,
137,137,SolvationFreeEnergy,2,CCOCC,C=CCO,298.0,101.325,-20.37608,0.8368000000000001,-16.565692515536682,0.23205126510710314,,
138,138,SolvationFreeEnergy,2,CCOCC,COCCO,298.0,101.325,-21.42208,0.8368000000000001,-19.29224457371066,0.21492762151194897,,
139,139,SolvationFreeEnergy,2,CCOCC,O=Cc1cccc(O)c1,298.0,101.325,-47.53024,0.8368000000000001,-44.72279881906162,0.236507926893571,,
140,140,SolvationFreeEnergy,2,CCOCC,Clc1ccccc1,298.0,101.325,-22.67728,0.8368000000000001,-23.488409136909702,0.18823194457780626,,
141,141,SolvationFreeEnergy,2,CCOCC,Clc1ccc(Cl)cc1,298.0,101.325,-25.85712,0.8368000000000001,-27.928972083028018,0.32334156203567893,,
142,142,SolvationFreeEnergy,2,CCOCC,Brc1ccccc1,298.0,101.325,-25.06216,0.8368000000000001,-24.420492675199725,0.22336795284552816,,
143,143,SolvationFreeEnergy,2,CCOCC,S,298.0,101.325,-2.5104,0.8368000000000001,,,,
144,144,SolvationFreeEnergy,2,CCOCC,C1CCNCC1,298.0,101.325,-20.166880000000003,0.8368000000000001,-22.77269796516721,0.20713781565472358,,
145,145,SolvationFreeEnergy,2,CCOCC,CN,298.0,101.325,-9.70688,0.8368000000000001,-7.214503158138378,0.1965595717042978,,
146,146,SolvationFreeEnergy,2,CCOCC,CC(N)=O,298.0,101.325,-25.77344,0.8368000000000001,-24.503588895875698,0.24297967252822952,,
147,147,SolvationFreeEnergy,2,CCOCC,CN(C)C=O,298.0,101.325,-22.21704,0.8368000000000001,-23.025288078703653,0.19360907965453455,,
148,148,SolvationFreeEnergy,2,CCOCC,NC=O,298.0,101.325,-24.97848,0.8368000000000001,-22.18029050037576,0.21427328910484342,,
149,149,SolvationFreeEnergy,2,CCOCC,O=c1cc[nH]c(=O)[nH]1,298.0,101.325,-62.88552,0.8368000000000001,,,,
150,150,SolvationFreeEnergy,2,CCOCC,O=c1[nH]cc(Br)c(=O)[nH]1,298.0,101.325,-71.16984000000001,0.8368000000000001,,,,
151,151,SolvationFreeEnergy,2,CC(C)OC(C)C,CCCCCCCC,298.0,101.325,-22.50992,0.8368000000000001,-21.97691974319359,0.2352018773659171,,
152,152,SolvationFreeEnergy,2,CC(C)OC(C)C,c1ccc2ccccc2c1,298.0,101.325,-30.292160000000003,0.8368000000000001,-32.65761648598497,0.2436958354440922,,
153,153,SolvationFreeEnergy,2,CC(C)OC(C)C,CCO,298.0,101.325,-16.3176,0.8368000000000001,-13.9924787135372,0.22513764216344156,,
154,154,SolvationFreeEnergy,2,CC(C)OC(C)C,C1COCCO1,298.0,101.325,-18.49328,0.8368000000000001,-22.037727174107598,0.23790291077213063,,
155,155,SolvationFreeEnergy,2,CC(C)OC(C)C,C=O,298.0,101.325,-4.351360000000001,0.8368000000000001,,,,
156,156,SolvationFreeEnergy,2,CC(C)OC(C)C,CCC(C)=O,298.0,101.325,-16.568640000000002,0.8368000000000001,-16.37169008174107,0.2969214237082868,,
157,157,SolvationFreeEnergy,2,CC(C)OC(C)C,CN(C)C,298.0,101.325,-11.46416,0.8368000000000001,-11.890975723631177,0.19690949272865566,,
158,158,SolvationFreeEnergy,2,CC(C)OC(C)C,CCNCC,298.0,101.325,-15.81552,0.8368000000000001,-15.312956099263058,0.22561315599858542,,
159,159,SolvationFreeEnergy,2,CC(C)OC(C)C,c1ccncc1,298.0,101.325,-20.41792,0.8368000000000001,-21.13949739150175,0.22482654477608632,,
160,160,SolvationFreeEnergy,2,CC(C)OC(C)C,Nc1ccccc1,298.0,101.325,-27.90728,0.8368000000000001,-28.96254357749285,0.2421543507198595,,
161,161,SolvationFreeEnergy,2,CC(C)OC(C)C,O=Cc1ccc(O)cc1,298.0,101.325,-48.65992000000001,0.8368000000000001,-45.524268395989466,0.2416417107467928,,
162,162,SolvationFreeEnergy,2,CC(=O)N(C)C,CCCCCCCC,298.0,101.325,-16.48496,0.8368000000000001,-15.641454215769492,0.2871372850080868,,
163,163,SolvationFreeEnergy,2,CC(=O)N(C)C,Cc1ccccc1,298.0,101.325,-20.66896,0.8368000000000001,-20.293195642584333,0.2659799812113717,,
164,164,SolvationFreeEnergy,2,CC(=O)N(C)C,CCO,298.0,101.325,-22.5936,0.8368000000000001,-20.488603885207535,0.26574586012393836,,
165,165,SolvationFreeEnergy,2,CC(=O)N(C)C,C1COCCO1,298.0,101.325,-20.96184,0.8368000000000001,-25.280613628116598,0.2439099052645905,,
166,166,SolvationFreeEnergy,2,CC(=O)N(C)C,CCC(C)=O,298.0,101.325,-18.91168,0.8368000000000001,-18.580273216510935,0.25373578788473977,,
167,167,SolvationFreeEnergy,2,CN(C)C=O,CCCCCCCC,298.0,101.325,-15.77368,0.8368000000000001,-14.659624616763791,0.278172814734633,,
168,168,SolvationFreeEnergy,2,CN(C)C=O,Cc1ccccc1,298.0,101.325,-20.41792,0.8368000000000001,-19.40695287537189,0.3188223868735325,,
169,169,SolvationFreeEnergy,2,CN(C)C=O,CCO,298.0,101.325,-21.882320000000004,0.8368000000000001,-20.296451784149834,0.25899003157039086,,
170,170,SolvationFreeEnergy,2,CN(C)C=O,C1COCCO1,298.0,101.325,-21.045520000000003,0.8368000000000001,-24.817927179890095,0.2930768090119839,,
171,171,SolvationFreeEnergy,2,CN(C)C=O,CCC(C)=O,298.0,101.325,-19.07904,0.8368000000000001,-19.14793938026712,0.24525318051784323,,
172,172,SolvationFreeEnergy,2,Cc1cccnc1C,CCCCCCCC,298.0,101.325,-20.41792,0.8368000000000001,-18.60427534720898,0.3553159909887032,,
173,173,SolvationFreeEnergy,2,Cc1cccnc1C,Cc1ccccc1,298.0,101.325,-21.045520000000003,0.8368000000000001,-20.29128452219355,0.29406097990699936,,
174,174,SolvationFreeEnergy,2,Cc1cccnc1C,CCO,298.0,101.325,-20.37608,0.8368000000000001,-17.45758540525227,0.30274090082240257,,
175,175,SolvationFreeEnergy,2,Cc1cccnc1C,C1COCCO1,298.0,101.325,-20.501600000000003,0.8368000000000001,-24.894517569155358,0.2663618907169978,,
176,176,SolvationFreeEnergy,2,Cc1cccnc1C,CCC(C)=O,298.0,101.325,-18.15856,0.8368000000000001,-18.767151700704826,0.2959336362268402,,
177,177,SolvationFreeEnergy,2,Cc1cccnc1C,Cc1cccc(C)n1,298.0,101.325,-25.27136,0.8368000000000001,-28.053407466690988,0.27554743684251304,,
178,178,SolvationFreeEnergy,2,CCO,CCCCCCCC,298.0,101.325,-17.698320000000002,0.8368000000000001,-17.070478096393845,0.28183774774875725,,
179,179,SolvationFreeEnergy,2,CCO,Cc1ccccc1,298.0,101.325,-19.120880000000003,0.8368000000000001,-18.863400590917706,0.2665828586348835,,
180,180,SolvationFreeEnergy,2,CCO,C1COCCO1,298.0,101.325,-19.58112,0.8368000000000001,-23.83750365535107,0.27286385859090834,,
181,181,SolvationFreeEnergy,2,CCO,CCC(C)=O,298.0,101.325,-18.07488,0.8368000000000001,-21.265721260811326,0.29973233465908267,,
182,182,SolvationFreeEnergy,2,CCO,Clc1ccccc1,298.0,101.325,-13.8072,0.8368000000000001,-21.362152372849422,0.25567047119572733,,
183,183,SolvationFreeEnergy,2,CCO,O=C1CCCO1,298.0,101.325,-19.16272,0.8368000000000001,-35.39681095661001,0.2607455262066684,,
184,184,SolvationFreeEnergy,2,CCOc1ccccc1,CCCCCCCC,298.0,101.325,-19.874,0.8368000000000001,-18.115390446921445,0.39932012899287656,,
185,185,SolvationFreeEnergy,2,CCOc1ccccc1,Cc1ccccc1,298.0,101.325,-20.87816,0.8368000000000001,-19.321378446411934,0.3770503040123464,,
186,186,SolvationFreeEnergy,2,CCOc1ccccc1,CCO,298.0,101.325,-14.4348,0.8368000000000001,-12.933625294365571,0.2498697964340108,,
187,187,SolvationFreeEnergy,2,CCOc1ccccc1,C1COCCO1,298.0,101.325,-20.37608,0.8368000000000001,-24.474293321795624,0.3385935495358552,,
188,188,SolvationFreeEnergy,2,CCOc1ccccc1,CCC(C)=O,298.0,101.325,-17.90752,0.8368000000000001,-18.231591696275995,0.34323304657309867,Aromaticatic (x=1.0) + Ketone (n=1),Ether (x=1.0) + Ketone (n=1)
189,189,SolvationFreeEnergy,2,CCc1ccccc1,CO,298.0,101.325,-5.98312,0.8368000000000001,-8.318899219245951,0.2212289770849673,,
190,190,SolvationFreeEnergy,2,CCc1ccccc1,CCCCCO,298.0,101.325,-19.74848,0.8368000000000001,-21.347829207160547,0.253986040789278,,
191,191,SolvationFreeEnergy,2,CCc1ccccc1,Cc1ccccc1O,298.0,101.325,-30.334,0.8368000000000001,-30.842633531856904,0.315682982065888,,
192,192,SolvationFreeEnergy,2,CCc1ccccc1,CCC(C)=O,298.0,101.325,-17.23808,0.8368000000000001,-17.132648443268124,0.24197316018043838,,
193,193,SolvationFreeEnergy,2,CCc1ccccc1,CC(=O)C(C)(C)C,298.0,101.325,-20.58528,0.8368000000000001,-22.714195934852885,0.2571121620724772,,
194,194,SolvationFreeEnergy,2,CCc1ccccc1,COC(C)=O,298.0,101.325,-15.64816,0.8368000000000001,-18.90854194125683,0.2133542397019567,,
195,195,SolvationFreeEnergy,2,CCc1ccccc1,CCCCC(=O)OC,298.0,101.325,-23.26304,0.8368000000000001,-27.906320350333285,0.28157874209574313,,
196,196,SolvationFreeEnergy,2,CCc1ccccc1,CCN,298.0,101.325,-10.83656,0.8368000000000001,-9.670676314711802,0.20064927874384783,Aromaticatic (x=1.0) + Primary Amine (n=1),
197,197,SolvationFreeEnergy,2,CCc1ccccc1,CCCN,298.0,101.325,-14.39296,0.8368000000000001,-13.283622082826263,0.2782094237788291,,
198,198,SolvationFreeEnergy,2,CCc1ccccc1,CN(C)C,298.0,101.325,-11.04576,0.8368000000000001,-11.79552772899259,0.22829225614954118,,
199,199,SolvationFreeEnergy,2,CCc1ccccc1,Oc1ccc(Br)cc1,298.0,101.325,-35.731359999999995,0.8368000000000001,-35.61896152059085,0.28885100923151,,
200,200,SolvationFreeEnergy,2,CCCCCCC,CO,298.0,101.325,-5.39736,0.8368000000000001,-3.471664380715951,0.23137046224292207,,
201,201,SolvationFreeEnergy,2,CCCCCCC,CCCCCO,298.0,101.325,-17.11256,0.8368000000000001,-16.704460620700047,0.23020065733581263,,
202,202,SolvationFreeEnergy,2,CCCCCCC,COc1ccccc1,298.0,101.325,-22.3844,0.8368000000000001,-23.231324233456228,0.2625257543909053,Alkane (x=1.0) + Aromaticatic (n=1),Alkane (x=1.0) + Ether (n=1)
203,203,SolvationFreeEnergy,2,CCCCCCC,O=Cc1ccccc1,298.0,101.325,-23.012,0.8368000000000001,-23.29518509110397,0.29925328160308273,,
204,204,SolvationFreeEnergy,2,CCCCCCC,CCC(C)=O,298.0,101.325,-14.05824,0.8368000000000001,-12.757973148513578,0.2960595158898583,,
205,205,SolvationFreeEnergy,2,CCCCCCC,CC(=O)C(C)(C)C,298.0,101.325,-17.9912,0.8368000000000001,-17.617345825429936,0.30918914587515184,,
206,206,SolvationFreeEnergy,2,CCCCCCC,COC(C)=O,298.0,101.325,-12.426480000000002,0.8368000000000001,-13.806141955937244,0.27570147199731093,,
207,207,SolvationFreeEnergy,2,CCCCCCC,CCCCC(=O)OC,298.0,101.325,-20.58528,0.8368000000000001,-23.317078139605073,0.2602581578414871,Alkane (x=1.0) + Carboxylic Acid Ester (n=1),
208,208,SolvationFreeEnergy,2,CCCCCCC,CCN,298.0,101.325,-8.74456,0.8368000000000001,-7.443328791989266,0.30189070605702417,,
209,209,SolvationFreeEnergy,2,CCCCCCC,c1ccncc1,298.0,101.325,-17.90752,0.8368000000000001,-17.662392429687518,0.3108485652717837,,
210,210,SolvationFreeEnergy,2,CCCCCCC,Clc1ccc(Cl)cc1,298.0,101.325,-24.30904,0.8368000000000001,-25.785893644682687,0.4521568924912106,,
211,211,SolvationFreeEnergy,2,CCCCCCC,Brc1ccccc1,298.0,101.325,-23.93248,0.8368000000000001,-21.827772066151315,0.21375684446791124,,
212,212,SolvationFreeEnergy,2,CCCCCCC,Brc1ccc(Br)cc1,298.0,101.325,-31.5892,0.8368000000000001,-27.639811468159902,0.2444197562648227,,
213,213,SolvationFreeEnergy,2,CCCCCCC,COP(=O)(OC)OC,298.0,101.325,-23.38856,0.8368000000000001,-26.482591899050867,0.26476725584453886,Alkane (x=1.0) + Phosphoric Acid Ester (n=1),
214,214,SolvationFreeEnergy,2,CCCCCCC,CCOP(=O)(OCC)OCC,298.0,101.325,-27.90728,0.8368000000000001,-32.860640950786824,0.33810984024760554,,
215,215,SolvationFreeEnergy,2,CCCCCCC,c1ccsc1,298.0,101.325,-17.11256,0.8368000000000001,-14.417120909241673,0.3629792024438474,,
216,216,SolvationFreeEnergy,2,CCCCCCC,Clc1ccccc1-c1ccccc1Cl,298.0,101.325,-38.57648,0.8368000000000001,-40.35678944639045,0.36792036918526305,,
217,217,SolvationFreeEnergy,2,CCCCCCC,CC(=O)N(C)C,298.0,101.325,-20.0832,0.8368000000000001,-17.99309419347353,0.48575862428515393,,
218,218,SolvationFreeEnergy,2,CCCCCCC,NC(=O)c1ccccc1,298.0,101.325,-30.37584,0.8368000000000001,-28.534937455017584,0.3089698884260136,,
219,219,SolvationFreeEnergy,2,CCCCCCC,Cc1ccccc1N,298.0,101.325,-26.275520000000004,0.8368000000000001,-23.872893790540736,0.2707077964493984,,
220,220,SolvationFreeEnergy,2,CCCCCCC,CN1CCCC1=O,298.0,101.325,-24.2672,0.8368000000000001,-22.560588351383558,0.3142232130132967,,
221,221,SolvationFreeEnergy,2,CCCCCCC,O=c1[nH]cc(Br)c(=O)[nH]1,298.0,101.325,-53.26232,0.8368000000000001,-35.665743913320824,0.27760002091533975,,
222,222,SolvationFreeEnergy,2,CCCCCC,CCCCCCCC,298.0,101.325,-22.84464,0.8368000000000001,-22.913736386378766,0.23877254053414063,Alkane (x=1.0) + Alkane (n=1),
223,223,SolvationFreeEnergy,2,CCCCCC,CO,298.0,101.325,-6.23416,0.8368000000000001,-3.621660602662172,0.2301410032364811,,
224,224,SolvationFreeEnergy,2,CCCCCC,CCO,298.0,101.325,-11.42232,0.8368000000000001,-6.960679647932372,0.23085719866203963,,
225,225,SolvationFreeEnergy,2,CCCCCC,C1COCCO1,298.0,101.325,-17.07072,0.8368000000000001,-18.947836151076487,0.29535625350237255,,
226,226,SolvationFreeEnergy,2,CCCCCC,O=Cc1ccccc1,298.0,101.325,-23.13752,0.8368000000000001,-22.988832595410095,0.24479103049666714,,
227,227,SolvationFreeEnergy,2,CCCCCC,CC(=O)C(C)(C)C,298.0,101.325,-18.15856,0.8368000000000001,-18.416482211485498,0.2723238091233295,,
228,228,SolvationFreeEnergy,2,CCCCCC,CC(=O)c1ccccc1,298.0,101.325,-25.3132,0.8368000000000001,-25.99706193254317,0.2700633403323814,,
229,229,SolvationFreeEnergy,2,CCCCCC,COC(C)=O,298.0,101.325,-13.05408,0.8368000000000001,-14.825519658935184,0.24262330976876448,,
230,230,SolvationFreeEnergy,2,CCCCCC,CCCCC(=O)OC,298.0,101.325,-20.66896,0.8368000000000001,-23.60107553449677,0.36752609497134436,,
231,231,SolvationFreeEnergy,2,CCCCCC,CCN,298.0,101.325,-8.74456,0.8368000000000001,-7.288347093879739,0.21038230963255125,,
232,232,SolvationFreeEnergy,2,CCCCCC,c1ccncc1,298.0,101.325,-15.94104,0.8368000000000001,-17.518478587302422,0.27832903058901254,Alkane (x=1.0) + Aromaticatic (n=1),Alkane (x=1.0) + Heterocycle (n=1)
233,233,SolvationFreeEnergy,2,CCCCCC,O=Cc1ccc(O)cc1,298.0,101.325,-38.40912,0.8368000000000001,-27.47438996862585,0.2855196142598827,,
234,234,SolvationFreeEnergy,2,CCCCCC,Clc1ccccc1,298.0,101.325,-21.50576,0.8368000000000001,-19.8116225783313,0.28155876840657573,,
235,235,SolvationFreeEnergy,2,CCCCCC,Clc1ccc(Cl)cc1,298.0,101.325,-23.806960000000004,0.8368000000000001,-24.972966093311197,0.21304455104229936,,
236,236,SolvationFreeEnergy,2,CCCCCC,Brc1ccccc1,298.0,101.325,-23.68144,0.8368000000000001,-21.33435628486035,0.36719585251298975,,
237,237,SolvationFreeEnergy,2,CCCCCC,Oc1ccc(Br)cc1,298.0,101.325,-29.12064,0.8368000000000001,-25.842035204066285,0.2453444926057704,,
238,238,SolvationFreeEnergy,2,CCCCCC,COP(=O)(OC)OC,298.0,101.325,-24.350880000000004,0.8368000000000001,-26.305116355217645,0.26669507340323073,,
239,239,SolvationFreeEnergy,2,CCCCCC,CCOP(=O)(OCC)OCC,298.0,101.325,-28.367520000000003,0.8368000000000001,-33.46698092632642,0.3001924460739567,,
240,240,SolvationFreeEnergy,2,CCCCCC,N#Cc1cc(Br)c(O)c(Br)c1,298.0,101.325,-40.45928,0.8368000000000001,-40.95743051796523,0.31093166818417595,,
241,241,SolvationFreeEnergy,2,CCCCCC,NC(=O)c1ccccc1,298.0,101.325,-32.50968,0.8368000000000001,-27.558514223830134,0.23029289223461624,,
242,242,SolvationFreeEnergy,2,CCCCCC,Cc1ccc(N)cc1,298.0,101.325,-25.85712,0.8368000000000001,-23.687591752979962,0.2426730660721994,Alkane (x=1.0) + Aromaticatic (n=1),Alkane (x=1.0) + Primary Amine (n=1)
243,243,SolvationFreeEnergy,2,CCCCCCO,c1ccccc1,298.0,101.325,-15.39712,0.8368000000000001,-15.123633627162533,0.5362449868444089,,
244,244,SolvationFreeEnergy,2,CCCCCCO,Oc1ccccc1,298.0,101.325,-36.65184,0.8368000000000001,-34.11583600114437,0.9737339504441622,,
245,245,SolvationFreeEnergy,2,CCCCCCO,C=O,298.0,101.325,-14.30928,0.8368000000000001,,,,
246,246,SolvationFreeEnergy,2,CCCCCCO,CCN,298.0,101.325,-17.5728,0.8368000000000001,-9.892453083605451,0.64306913216126,,
247,247,SolvationFreeEnergy,2,CCCCCCO,CCCCN,298.0,101.325,-23.012,0.8368000000000001,-19.71681220764051,0.7290558512509308,Alcohol (x=1.0) + Primary Amine (n=1),
248,248,SolvationFreeEnergy,2,CCCCCCO,Oc1ccc(Br)cc1,298.0,101.325,-43.97384,0.8368000000000001,-44.20700347372105,0.8115646642737038,,
249,249,SolvationFreeEnergy,2,CC(C)CO,CCCC=O,298.0,101.325,-20.166880000000003,0.8368000000000001,-19.446112675603203,0.47113566640824406,,
250,250,SolvationFreeEnergy,2,CC(C)CO,CCOC(C)=O,298.0,101.325,-17.865679999999998,0.8368000000000001,-22.30182356586195,0.7590382031303249,,
251,251,SolvationFreeEnergy,2,CC(C)CO,CNC,298.0,101.325,-18.53512,0.8368000000000001,-13.087120784549086,0.7792798853072406,,
252,252,SolvationFreeEnergy,2,CC(C)CO,CN(C)C,298.0,101.325,-16.3176,0.8368000000000001,-15.537377127879049,0.4984569059243356,,
253,253,SolvationFreeEnergy,2,CC(C)CO,C1CNCCN1,298.0,101.325,-27.53072,0.8368000000000001,-37.76069331208506,0.8379923262779042,Alcohol (x=1.0) + Heterocycle (n=1),Alcohol (x=1.0) + Secondary Amine (n=1)
254,254,SolvationFreeEnergy,2,CC(C)CO,c1ccncc1,298.0,101.325,-24.560080000000003,0.8368000000000001,-23.701258831538972,0.36660825469138325,,
255,255,SolvationFreeEnergy,2,CC(C)CO,C1CCNCC1,298.0,101.325,-25.81528,0.8368000000000001,-23.43172745410036,0.6272123251428019,,
256,256,SolvationFreeEnergy,2,CC(C)CO,CN,298.0,101.325,-19.07904,0.8368000000000001,-10.93479769419254,0.4817545338254142,,
257,257,SolvationFreeEnergy,2,CCCCCC(C)C,CCCCC,298.0,101.325,-13.43064,0.8368000000000001,-12.83741184698671,0.2913146122790674,Alkane (x=1.0) + Alkane (n=1),
258,258,SolvationFreeEnergy,2,CCCCCC(C)C,CCCCCC,298.0,101.325,-12.88672,0.8368000000000001,-15.745836717248713,0.2925949149632568,,
259,259,SolvationFreeEnergy,2,CCCCCC(C)C,C=CC,298.0,101.325,-6.73624,0.8368000000000001,-4.7152917187452585,0.2725815860858119,,
260,260,SolvationFreeEnergy,2,CCCCCC(C)C,C=CCC,298.0,101.325,-9.45584,0.8368000000000001,-7.803698033958571,0.3742306726021965,,
261,261,SolvationFreeEnergy,2,CCCCCC(C)C,c1ccccc1,298.0,101.325,-16.77784,0.8368000000000001,-16.12163942033718,0.30174560480423035,,
262,262,SolvationFreeEnergy,2,CCCCCC(C)C,CCO,298.0,101.325,-10.20896,0.8368000000000001,-6.740069759746328,0.2722188459718062,Alkane (x=1.0) + Alcohol (n=1),
263,263,SolvationFreeEnergy,2,CCCCCC(C)C,CCCCCCO,298.0,101.325,-21.3384,0.8368000000000001,-20.347973833245057,0.3005481217215271,,
264,264,SolvationFreeEnergy,2,CCCCCC(C)C,Cc1ccccc1O,298.0,101.325,-23.76512,0.8368000000000001,-24.29533494257632,0.4792311449170667,,
265,265,SolvationFreeEnergy,2,CCCCCC(C)C,C1COCCO1,298.0,101.325,-16.819679999999998,0.8368000000000001,-18.731694134530006,0.32791144502048547,,
266,266,SolvationFreeEnergy,2,CCCCCC(C)C,CCCC=O,298.0,101.325,-14.4348,0.8368000000000001,-12.977997127073094,0.32504143886897297,,
267,267,SolvationFreeEnergy,2,CCCCCC(C)C,CCCCC=O,298.0,101.325,-17.740160000000003,0.8368000000000001,-16.561453699238022,0.33826657676995125,Alkane (x=1.0) + Aldehyde (n=1),
268,268,SolvationFreeEnergy,2,CCCCCC(C)C,CC(C)=O,298.0,101.325,-10.20896,0.8368000000000001,-9.932426064874482,0.48063992336065614,,
269,269,SolvationFreeEnergy,2,CCCCCC(C)C,CCC(C)=O,298.0,101.325,-14.2256,0.8368000000000001,-13.01300003820705,0.37292780871046916,,
270,270,SolvationFreeEnergy,2,CCCCCC(C)C,CCCCN,298.0,101.325,-14.93688,0.8368000000000001,-13.17227525191768,0.24630819188743894,,
271,271,SolvationFreeEnergy,2,CCCCCC(C)C,Nc1ccccc1,298.0,101.325,-21.7568,0.8368000000000001,-20.984657116656717,0.298826114380696,,
272,272,SolvationFreeEnergy,2,CCCCCC(C)C,CCS,298.0,101.325,-13.09592,0.8368000000000001,-6.979154681050417,0.29040498621941624,Alkane (x=1.0) + Thiol (n=1),
273,273,SolvationFreeEnergy,2,CCCCCC(C)C,CCCS,298.0,101.325,-15.81552,0.8368000000000001,-11.36135755976861,0.26972186713239804,,
274,274,SolvationFreeEnergy,2,CCCCCC(C)C,COC(=O)c1ccccc1,298.0,101.325,-28.07464,0.8368000000000001,-31.002281496244567,0.3377573753471002,,
275,275,SolvationFreeEnergy,2,CC(C)O,CCCCCCCC,298.0,101.325,-18.828,0.8368000000000001,-17.52557722880364,0.5018538885877668,,
276,276,SolvationFreeEnergy,2,CC(C)O,Cc1ccccc1,298.0,101.325,-18.32592,0.8368000000000001,-17.720732261937105,0.4008611644564291,,
277,277,SolvationFreeEnergy,2,CC(C)O,CCO,298.0,101.325,-20.25056,0.8368000000000001,-19.966644152729966,0.31925820059828697,Alcohol (x=1.0) + Alcohol (n=1),
278,278,SolvationFreeEnergy,2,CC(C)O,C1COCCO1,298.0,101.325,-18.78616,0.8368000000000001,-22.432121303492693,0.46783545698314855,,
279,279,SolvationFreeEnergy,2,CC(C)O,CCC(C)=O,298.0,101.325,-17.02888,0.8368000000000001,-19.51166466611896,0.4836410476844344,,
280,280,SolvationFreeEnergy,2,CC(C)c1ccccc1,CCO,298.0,101.325,-12.1336,0.8368000000000001,-11.494324543894862,0.23914273341424017,,
281,281,SolvationFreeEnergy,2,CC(C)c1ccccc1,CC(C)=O,298.0,101.325,-13.89088,0.8368000000000001,,,,
282,282,SolvationFreeEnergy,2,CC(C)c1ccccc1,CC(=O)C(C)(C)C,298.0,101.325,-20.12504,0.8368000000000001,-22.069082159807454,0.24900140142613766,Aromaticatic (x=1.0) + Ketone (n=1),
283,283,SolvationFreeEnergy,2,CC(C)c1ccccc1,CCOC(C)=O,298.0,101.325,-17.65648,0.8368000000000001,-21.231425500430692,0.2360896174910989,,
284,284,SolvationFreeEnergy,2,CC(C)c1ccccc1,CCCCCC(=O)OC,298.0,101.325,-25.89896,0.8368000000000001,-30.69108769791812,0.3197421666636326,,
285,285,SolvationFreeEnergy,2,CC(C)c1ccccc1,CCCCN,298.0,101.325,-16.98704,0.8368000000000001,-15.708378946060021,0.3059222939937427,,
286,286,SolvationFreeEnergy,2,Cc1ccccc1C(C)C,CCC(=O)OC,298.0,101.325,-17.321759999999998,0.8368000000000001,-21.092566982052908,0.26452792966547634,,
287,287,SolvationFreeEnergy,2,Cc1ccccc1C(C)C,CCCCCOC(C)=O,298.0,101.325,-25.18768,0.8368000000000001,-30.06844178071365,0.3296619101912408,Aromaticatic (x=1.0) + Carboxylic Acid Ester (n=1),
288,288,SolvationFreeEnergy,2,Cc1ccccc1C(C)C,CCCCN,298.0,101.325,-17.65648,0.8368000000000001,-14.863569076829867,0.26465680259826657,Aromaticatic (x=1.0) + Primary Amine (n=1),
289,289,SolvationFreeEnergy,2,CNC=O,CCCCCCCC,298.0,101.325,-13.97456,0.8368000000000001,-11.898495411074178,0.3015350191287915,,
290,290,SolvationFreeEnergy,2,CNC=O,Cc1ccccc1,298.0,101.325,-18.15856,0.8368000000000001,-18.087155685551448,0.2974329154486721,,
291,291,SolvationFreeEnergy,2,CNC=O,CCO,298.0,101.325,-21.42208,0.8368000000000001,-19.54405186821605,0.30243399472404836,,
292,292,SolvationFreeEnergy,2,CNC=O,C1COCCO1,298.0,101.325,-20.33424,0.8368000000000001,-24.721420441804934,0.29643301162043817,Carboxylic Acid Secondary Amide (x=1.0) + Ether (n=1),Carboxylic Acid Secondary Amide (x=1.0) + Heterocycle (n=1)
293,293,SolvationFreeEnergy,2,CNC=O,CCC(C)=O,298.0,101.325,-18.15856,0.8368000000000001,-19.137837552635464,0.290766429059957,,
294,294,SolvationFreeEnergy,2,CCCCCCCC,CO,298.0,101.325,-5.39736,0.8368000000000001,-3.0439013907557766,0.2506570261056857,,
295,295,SolvationFreeEnergy,2,CCCCCCCC,CCCO,298.0,101.325,-11.54784,0.8368000000000001,-10.36458543973697,0.24757967491401933,Alkane (x=1.0) + Alcohol (n=1),
296,296,SolvationFreeEnergy,2,CCCCCCCC,CCC(C)=O,298.0,101.325,-13.556160000000002,0.8368000000000001,-12.286757480450062,0.338126182758115,Alkane (x=1.0) + Ketone (n=1),
297,297,SolvationFreeEnergy,2,CCCCCCCC,CC(=O)C(C)(C)C,298.0,101.325,-17.61464,0.8368000000000001,-18.134228133339356,0.33546262026837464,Alkane (x=1.0) + Ketone (n=1),
298,298,SolvationFreeEnergy,2,CCCCCCCC,COC(C)=O,298.0,101.325,-12.80304,0.8368000000000001,-13.883340116226943,0.3236661150871816,Alkane (x=1.0) + Carboxylic Acid Ester (n=1),
299,299,SolvationFreeEnergy,2,CCCCCCCC,CCCCCC(=O)OC,298.0,101.325,-23.13752,0.8368000000000001,-26.182052445933593,0.48488826894049203,Alkane (x=1.0) + Carboxylic Acid Ester (n=1),
300,300,SolvationFreeEnergy,2,CCCCCCCC,CCN,298.0,101.325,-8.53536,0.8368000000000001,-7.020857075960665,0.33011957093696437,,
301,301,SolvationFreeEnergy,2,CCCCCCCC,CCNCC,298.0,101.325,-14.30928,0.8368000000000001,-13.707811125881628,0.3916862165234457,,
302,302,SolvationFreeEnergy,2,CCCCCCCC,Cc1cnccn1,298.0,101.325,-19.664800000000003,0.8368000000000001,-21.866930691073126,0.3366141040386733,Alkane (x=1.0) + Aromaticatic (n=1),Alkane (x=1.0) + Heterocycle (n=1)
303,303,SolvationFreeEnergy,2,CCCCCCCC,Nc1ccccc1,298.0,101.325,-20.25056,0.8368000000000001,-20.67198616566739,0.36374633856243443,Alkane (x=1.0) + Aromaticatic (n=1),Alkane (x=1.0) + Primary Amine (n=1)
304,304,SolvationFreeEnergy,2,CCCCCCCC,CCc1cnccn1,298.0,101.325,-23.05384,0.8368000000000001,-24.514078260544718,0.2976666029674976,Alkane (x=1.0) + Aromaticatic (n=1),Alkane (x=1.0) + Heterocycle (n=1)
305,305,SolvationFreeEnergy,2,CCCCCCCC,Cc1ccccc1N,298.0,101.325,-25.35504,0.8368000000000001,-23.63877288718715,0.2833558378898788,,
306,306,SolvationFreeEnergy,2,CCCCC,CO,298.0,101.325,-5.39736,0.8368000000000001,-3.971181218595226,0.19899952371400398,Alkane (x=1.0) + Alcohol (n=1),
307,307,SolvationFreeEnergy,2,CCCCC,CCCO,298.0,101.325,-11.54784,0.8368000000000001,-10.557029370765814,0.20586873770751585,Alkane (x=1.0) + Alcohol (n=1),
308,308,SolvationFreeEnergy,2,CCCCC,Oc1ccccc1,298.0,101.325,-23.72328,0.8368000000000001,-19.89895436101094,0.2198749274400366,,
309,309,SolvationFreeEnergy,2,CCCCC,CCCC(C)=O,298.0,101.325,-17.405440000000002,0.8368000000000001,-16.562634138922984,0.25829822007439285,,
310,310,SolvationFreeEnergy,2,CCCCC,CC(=O)C(C)(C)C,298.0,101.325,-18.53512,0.8368000000000001,-18.711818435464092,0.26548139209057964,Alkane (x=1.0) + Ketone (n=1),
311,311,SolvationFreeEnergy,2,CCCCC,COC(C)=O,298.0,101.325,-13.09592,0.8368000000000001,-14.653481207627673,0.21747275390167436,Alkane (x=1.0) + Carboxylic Acid Ester (n=1),
312,312,SolvationFreeEnergy,2,CCCCC,CCCCCC(=O)OC,298.0,101.325,-23.72328,0.8368000000000001,-26.233483413252905,0.26031292916306037,,
313,313,SolvationFreeEnergy,2,CCCCC,CCN,298.0,101.325,-9.12112,0.8368000000000001,-7.840627253518953,0.17595338863680318,Alkane (x=1.0) + Primary Amine (n=1),
314,314,SolvationFreeEnergy,2,CCCCC,CCCN,298.0,101.325,-13.09592,0.8368000000000001,-10.78170676124788,0.23830854456886896,,
315,315,SolvationFreeEnergy,2,CCCCC,Nc1ccccc1,298.0,101.325,-21.547600000000003,0.8368000000000001,-20.220241795389143,0.20829168615666296,,
316,316,SolvationFreeEnergy,2,CCCCCO,c1ccccc1,298.0,101.325,-14.76952,0.8368000000000001,-15.239190589990146,0.3870038958050075,Alcohol (x=1.0) + Aromaticatic (n=1),
317,317,SolvationFreeEnergy,2,CCCCCO,Cc1ccccc1O,298.0,101.325,-35.856880000000004,0.8368000000000001,-32.718785684717034,0.7612030958366491,Alcohol (x=1.0) + Aromaticatic (n=1),
318,318,SolvationFreeEnergy,2,CCCCCO,C=O,298.0,101.325,-14.39296,0.8368000000000001,,,,
319,319,SolvationFreeEnergy,2,CCCCCO,CCCCN,298.0,101.325,-23.2212,0.8368000000000001,-19.072281983765304,0.32583834045852533,,
320,320,SolvationFreeEnergy,2,CCCCCO,CCNCC,298.0,101.325,-22.1752,0.8368000000000001,-17.37758839204367,0.5201970725273785,,
321,321,SolvationFreeEnergy,2,CCCCCO,Oc1ccc(Br)cc1,298.0,101.325,-44.43408,0.8368000000000001,-42.509648944147905,0.5839282752183952,Alcohol (x=1.0) + Aromaticatic (n=1),Alcohol (x=1.0) + Aryl Bromide (n=1)
322,322,SolvationFreeEnergy,2,CCCCCO,CN,298.0,101.325,-16.5268,0.8368000000000001,-10.309368976462938,0.5547719410747539,Alcohol (x=1.0) + Primary Amine (n=1),
323,323,SolvationFreeEnergy,2,CCCO,CCCCCCCC,298.0,101.325,-18.36776,0.8368000000000001,-17.890798731647944,0.4219919143759335,Alcohol (x=1.0) + Alkane (n=1),
324,324,SolvationFreeEnergy,2,CCCO,Cc1ccccc1,298.0,101.325,-18.70248,0.8368000000000001,-18.718330985005913,0.450919148404589,,
325,325,SolvationFreeEnergy,2,CCCO,CCO,298.0,101.325,-20.96184,0.8368000000000001,-19.434735567703136,0.43021942813109537,,
326,326,SolvationFreeEnergy,2,CCCO,C1COCCO1,298.0,101.325,-19.28824,0.8368000000000001,-21.85406466094681,0.4051702542411952,,
327,327,SolvationFreeEnergy,2,CCCO,CCC(C)=O,298.0,101.325,-17.3636,0.8368000000000001,-20.239603199309713,0.3440763416511719,Alcohol (x=1.0) + Ketone (n=1),
328,328,SolvationFreeEnergy,2,c1ccncc1,CCCCCCCC,298.0,101.325,-18.828,0.8368000000000001,-17.553327566372936,0.32207584527825434,Aromaticatic (x=1.0) + Alkane (n=1),Heterocycle (x=1.0) + Alkane (n=1)
329,329,SolvationFreeEnergy,2,c1ccncc1,Cc1ccccc1,298.0,101.325,-21.3384,0.8368000000000001,-20.830146875812613,0.28741632166528974,,
330,330,SolvationFreeEnergy,2,c1ccncc1,CCO,298.0,101.325,-21.25472,0.8368000000000001,-17.780984738603475,0.2982662967161524,Aromaticatic (x=1.0) + Alcohol (n=1),Heterocycle (x=1.0) + Alcohol (n=1)
331,331,SolvationFreeEnergy,2,c1ccncc1,C1COCCO1,298.0,101.325,-21.50576,0.8368000000000001,-25.721263557036437,0.2986235577427045,Aromaticatic (x=1.0) + Ether (n=1),Aromaticatic (x=1.0) + Heterocycle (n=1)
332,332,SolvationFreeEnergy,2,c1ccncc1,CCC(C)=O,298.0,101.325,-19.28824,0.8368000000000001,-20.35386625435448,0.32687480664526813,Aromaticatic (x=1.0) + Ketone (n=1),Heterocycle (x=1.0) + Ketone (n=1)
333,333,SolvationFreeEnergy,2,C1CCOC1,CCCCCCCC,298.0,101.325,-22.55176,0.8368000000000001,-20.820466629411666,0.2558172780716162,Ether (x=1.0) + Alkane (n=1),Heterocycle (x=1.0) + Alkane (n=1)
334,334,SolvationFreeEnergy,2,C1CCOC1,Cc1ccccc1,298.0,101.325,-23.012,0.8368000000000001,-21.91165791506317,0.21868620580023718,,
335,335,SolvationFreeEnergy,2,C1CCOC1,CCO,298.0,101.325,-19.07904,0.8368000000000001,-16.333429615258503,0.21689307073915257,,
336,336,SolvationFreeEnergy,2,C1CCOC1,C1COCCO1,298.0,101.325,-21.63128,0.8368000000000001,-24.715647024398766,0.22973173953183368,Ether (x=1.0) + Ether (n=1),Ether (x=1.0) + Heterocycle (n=1)
337,337,SolvationFreeEnergy,2,C1CCOC1,CCC(C)=O,298.0,101.325,-18.99536,0.8368000000000001,-19.322408427803552,0.24542518211490943,Ether (x=1.0) + Ketone (n=1),Heterocycle (x=1.0) + Ketone (n=1)
338,338,SolvationFreeEnergy,2,c1ccc2c(c1)CCCC2,CCO,298.0,101.325,-6.44336,0.8368000000000001,-10.518981396598917,0.42281226329399973,Aromaticatic (x=1.0) + Alcohol (n=1),
339,339,SolvationFreeEnergy,2,c1ccc2c(c1)CCCC2,CC(=O)C(C)(C)C,298.0,101.325,-17.530960000000004,0.8368000000000001,-22.363319242131883,0.42095070220978503,,
340,340,SolvationFreeEnergy,2,c1ccc2c(c1)CCCC2,CCCCCC(C)=O,298.0,101.325,-22.30072,0.8368000000000001,-27.140729543333066,0.44069587770433727,Aromaticatic (x=1.0) + Ketone (n=1),
341,341,SolvationFreeEnergy,2,Cc1ccccc1,CCCCCCCC,298.0,101.325,-22.50992,0.8368000000000001,-21.899665099137263,0.25744959221764346,Aromaticatic (x=1.0) + Alkane (n=1),
342,342,SolvationFreeEnergy,2,Cc1ccccc1,CO,298.0,101.325,-9.12112,0.8368000000000001,-9.218707448203556,0.2100660519251231,Aromaticatic (x=1.0) + Alcohol (n=1),
343,343,SolvationFreeEnergy,2,Cc1ccccc1,CCO,298.0,101.325,-13.932720000000002,0.8368000000000001,-12.95162659699005,0.24005318095278408,Aromaticatic (x=1.0) + Alcohol (n=1),
344,344,SolvationFreeEnergy,2,Cc1ccccc1,C1COCCO1,298.0,101.325,-20.54344,0.8368000000000001,-24.81315199463706,0.2618308567455195,Aromaticatic (x=1.0) + Ether (n=1),Aromaticatic (x=1.0) + Heterocycle (n=1)
345,345,SolvationFreeEnergy,2,Cc1ccccc1,CC(C)=O,298.0,101.325,-15.02056,0.8368000000000001,-15.763418129053127,0.21483029728620154,Aromaticatic (x=1.0) + Ketone (n=1),
346,346,SolvationFreeEnergy,2,Cc1ccccc1,CC(=O)C(C)(C)C,298.0,101.325,-20.92,0.8368000000000001,-23.236710927301914,0.28057123420745816,Aromaticatic (x=1.0) + Ketone (n=1),
347,347,SolvationFreeEnergy,2,Cc1ccccc1,COC(C)=O,298.0,101.325,-15.94104,0.8368000000000001,-20.47309217766032,0.20206495033401228,Aromaticatic (x=1.0) + Carboxylic Acid Ester (n=1),
348,348,SolvationFreeEnergy,2,Cc1ccccc1,CNC,298.0,101.325,-11.213120000000002,0.8368000000000001,-10.547458103596371,0.24468640446897758,Aromaticatic (x=1.0) + Secondary Amine (n=1),
349,349,SolvationFreeEnergy,2,Cc1ccccc1,CN(C)C,298.0,101.325,-11.33864,0.8368000000000001,-12.18854864294092,0.19971220371220927,Aromaticatic (x=1.0) + Tertiary Amine (n=1),
350,350,SolvationFreeEnergy,2,Cc1ccccc1,CCCNCCC,298.0,101.325,-21.92416,0.8368000000000001,-21.40520567247624,0.25444771237457803,Aromaticatic (x=1.0) + Secondary Amine (n=1),
351,351,SolvationFreeEnergy,2,Cc1ccccc1,c1ccncc1,298.0,101.325,-21.46392,0.8368000000000001,-22.017850064429993,0.2687324727254241,Aromaticatic (x=1.0) + Aromaticatic (n=1),Aromaticatic (x=1.0) + Heterocycle (n=1)
352,352,SolvationFreeEnergy,2,Cc1ccccc1,Nc1ccccc1,298.0,101.325,-27.99096,0.8368000000000001,-28.234225536604338,0.22108497129896737,Aromaticatic (x=1.0) + Aromaticatic (n=1),Aromaticatic (x=1.0) + Primary Amine (n=1)
353,353,SolvationFreeEnergy,2,Cc1ccccc1,Oc1ccc(Br)cc1,298.0,101.325,-36.4008,0.8368000000000001,-36.457864600645244,0.27683210543324444,Aromaticatic (x=1.0) + Aromaticatic (n=1),Aromaticatic (x=1.0) + Aryl Bromide (n=1)
354,354,SolvationFreeEnergy,2,Cc1ccccc1,CN,298.0,101.325,-11.0876,0.8368000000000001,-7.0532901992934205,0.1852149016320036,Aromaticatic (x=1.0) + Primary Amine (n=1),
355,355,SolvationFreeEnergy,2,Cc1ccccc1,O=C1CCCO1,298.0,101.325,-19.664800000000003,0.8368000000000001,-31.227489982038723,0.29186863481723185,Aromaticatic (x=1.0) + Carboxylic Acid Ester (n=1),Aromaticatic (x=1.0) + Heterocycle (n=1)
356,356,SolvationFreeEnergy,2,CCCCOP(=O)(OCCCC)OCCCC,CO,298.0,101.325,-17.405440000000002,0.8368000000000001,-21.428073984005103,0.7800384954957582,Phosphoric Acid Ester (x=1.0) + Alcohol (n=1),
357,357,SolvationFreeEnergy,2,CCCCOP(=O)(OCCCC)OCCCC,CCCCCO,298.0,101.325,-27.99096,0.8368000000000001,-35.16241757675988,1.014618346485748,Phosphoric Acid Ester (x=1.0) + Alcohol (n=1),
358,358,SolvationFreeEnergy,2,CCCCOP(=O)(OCCCC)OCCCC,CCN,298.0,101.325,-13.76536,0.8368000000000001,-8.413343113469358,0.8609880429997504,Phosphoric Acid Ester (x=1.0) + Primary Amine (n=1),
359,359,SolvationFreeEnergy,2,CCCCOP(=O)(OCCCC)OCCCC,CCCN,298.0,101.325,-16.65232,0.8368000000000001,-14.091636342601321,0.5450414618160022,Phosphoric Acid Ester (x=1.0) + Primary Amine (n=1),
360,360,SolvationFreeEnergy,2,CCCCOP(=O)(OCCCC)OCCCC,Nc1ccccc1,298.0,101.325,-31.7984,0.8368000000000001,-40.02318038995506,1.3758560226208076,Phosphoric Acid Ester (x=1.0) + Aromaticatic (n=1),Phosphoric Acid Ester (x=1.0) + Primary Amine (n=1)
361,361,SolvationFreeEnergy,2,CCCCOP(=O)(OCCCC)OCCCC,COCCO,298.0,101.325,-25.68976,0.8368000000000001,-26.159693684746827,0.5101950139733905,Phosphoric Acid Ester (x=1.0) + Alcohol (n=1),Phosphoric Acid Ester (x=1.0) + Ether (n=1)
362,362,SolvationFreeEnergy,2,CCN(CC)CC,CCCCCCCC,298.0,101.325,-23.51408,0.8368000000000001,-22.692230127330212,0.22938616687017294,Tertiary Amine (x=1.0) + Alkane (n=1),
363,363,SolvationFreeEnergy,2,CCN(CC)CC,Cc1ccccc1,298.0,101.325,-20.836320000000004,0.8368000000000001,-19.909377057604843,0.19735727243230272,Tertiary Amine (x=1.0) + Aromaticatic (n=1),
364,364,SolvationFreeEnergy,2,CCN(CC)CC,CCO,298.0,101.325,-16.819679999999998,0.8368000000000001,-12.95150306939455,0.2283827475733129,Tertiary Amine (x=1.0) + Alcohol (n=1),
365,365,SolvationFreeEnergy,2,CCN(CC)CC,C1COCCO1,298.0,101.325,-18.45144,0.8368000000000001,-21.771656581255666,0.22835625037218812,Tertiary Amine (x=1.0) + Ether (n=1),Tertiary Amine (x=1.0) + Heterocycle (n=1)
366,366,SolvationFreeEnergy,2,CCN(CC)CC,CCC(C)=O,298.0,101.325,-16.15024,0.8368000000000001,-15.189818644951979,0.20149284774982762,Tertiary Amine (x=1.0) + Ketone (n=1),
367,367,SolvationFreeEnergy,2,Cc1ccccc1C,CCCCCCCC,298.0,101.325,-22.13336,0.8368000000000001,-21.994354511388117,0.24851261012074477,Aromaticatic (x=1.0) + Alkane (n=1),
368,368,SolvationFreeEnergy,2,Cc1ccccc1C,CO,298.0,101.325,-7.23832,0.8368000000000001,-8.804833149586553,0.1796167197018521,Aromaticatic (x=1.0) + Alcohol (n=1),
369,369,SolvationFreeEnergy,2,Cc1ccccc1C,CCO,298.0,101.325,-14.30928,0.8368000000000001,-12.051939790243113,0.22677789802043802,Aromaticatic (x=1.0) + Alcohol (n=1),
370,370,SolvationFreeEnergy,2,Cc1ccccc1C,Cc1ccc(O)cc1,298.0,101.325,-30.04112,0.8368000000000001,-32.02164081320906,0.22409276864266117,Aromaticatic (x=1.0) + Aromaticatic (n=1),
371,371,SolvationFreeEnergy,2,Cc1ccccc1C,C1COCCO1,298.0,101.325,-20.33424,0.8368000000000001,,,,
372,372,SolvationFreeEnergy,2,Cc1ccccc1C,CC(C)=O,298.0,101.325,-13.63984,0.8368000000000001,-14.735008998857666,0.27637406221340455,Aromaticatic (x=1.0) + Ketone (n=1),
373,373,SolvationFreeEnergy,2,Cc1ccccc1C,CC(=O)C(C)(C)C,298.0,101.325,-20.54344,0.8368000000000001,-22.79523139201868,0.26254684099330305,Aromaticatic (x=1.0) + Ketone (n=1),
374,374,SolvationFreeEnergy,2,Cc1ccccc1C,COC(C)=O,298.0,101.325,-15.480800000000002,0.8368000000000001,-19.524061531308792,0.24849324843979426,Aromaticatic (x=1.0) + Carboxylic Acid Ester (n=1),
375,375,SolvationFreeEnergy,2,Cc1ccccc1C,CCCCC(=O)OC,298.0,101.325,-23.472240000000003,0.8368000000000001,-28.34410277565905,0.2482989342262158,Aromaticatic (x=1.0) + Carboxylic Acid Ester (n=1),
376,376,SolvationFreeEnergy,2,Cc1ccccc1C,CNC,298.0,101.325,-14.05824,0.8368000000000001,-9.764159064764314,0.1893942917048722,Aromaticatic (x=1.0) + Secondary Amine (n=1),
377,377,SolvationFreeEnergy,2,Cc1ccccc1C,CN(C)C,298.0,101.325,-11.00392,0.8368000000000001,-11.786572967781085,0.20826920604509694,Aromaticatic (x=1.0) + Tertiary Amine (n=1),
378,378,SolvationFreeEnergy,2,Cc1ccccc1C,c1ccncc1,298.0,101.325,-21.42208,0.8368000000000001,-22.230121661827027,0.23750013110347715,Aromaticatic (x=1.0) + Aromaticatic (n=1),Aromaticatic (x=1.0) + Heterocycle (n=1)
379,379,SolvationFreeEnergy,2,Cc1ccccc1C,Nc1ccccc1,298.0,101.325,-25.5224,0.8368000000000001,-28.023953924778283,0.28432610857316915,Aromaticatic (x=1.0) + Aromaticatic (n=1),Aromaticatic (x=1.0) + Primary Amine (n=1)
380,380,SolvationFreeEnergy,2,Cc1ccccc1C,Oc1ccc(Br)cc1,298.0,101.325,-36.35896,0.8368000000000001,-35.56808012910711,0.279653320311887,Aromaticatic (x=1.0) + Aromaticatic (n=1),Aromaticatic (x=1.0) + Aryl Bromide (n=1)
381,381,SolvationFreeEnergy,2,Cc1ccccc1C,C1CCNCC1,298.0,101.325,-21.547600000000003,0.8368000000000001,-21.65303890111642,0.24498629557854132,Aromaticatic (x=1.0) + Heterocycle (n=1),Aromaticatic (x=1.0) + Secondary Amine (n=1)
382,382,SolvationFreeEnergy,2,Cc1ccccc1C,CN,298.0,101.325,-13.388800000000002,0.8368000000000001,,,,
